{"9E": 19.36568457538995, "AA": 6.366153846153846, "AS": -4.925925925925926, "B6": 17.980535279805352, "DL": 8.596503496503496, "EV": 36.44845360824742, "F9": 102.76470588235294, "FL": 31.931372549019606, "HA": -26.2, "MQ": 16.20353982300885, "UA": 13.036425725668753, "US": 3.773489932885906, "VX": 12.0, "WN": 25.02840909090909, "YV": 18.238095238095237}